timestamp,x,y,yaw
1669052102125374078,2.156263e-06,8.928825e-07,1.848434e-06
1669052102250574111,1.2371610377320378e-05,6.18215913824995e-05,7.387057e-06
1669052102312975883,-7.593768469171309e-05,0.00016674383903956595,1.1774697e-05
1669052102375468015,-0.0011029131388148293,-0.0013233962533885316,-0.000122969103
1669052102437993049,-0.0010159138628446454,-0.0013797086720371936,-0.000125322199
1669052102518054962,-0.00106862825126163,-0.0013669256456537526,-0.000126514687
1669052102563191890,-0.0021959496559696336,-0.0004057383152471024,-6.0178777000000004e-05
1669052102625447988,-0.0021612076261703487,-0.00042302453601126584,-6.397025900000001e-05
1669052102687992095,-0.002211844807574995,-0.00042148164773450164,-6.225275700000001e-05
1669052102751444101,-0.002969335526570589,-0.0009454347928641383,-0.000140422427
1669052102812921047,-0.0029445412487069693,-0.0009426744135095849,-0.000137874163
1669052102875577926,-0.0029689861575371056,-0.0009580405833343008,-0.000139453028
1669052102937859058,-0.003089500088151109,-0.0011977588796327336,-0.00018259549799999998
1669052103000381946,-0.0030777278280938987,-0.001195733304160642,-0.00018626705299999998
1669052103063018083,-0.0030398081932602704,-0.0011878726772028686,-0.00018395191999999997
1669052103125324010,-0.0028930697660356354,-0.001321468772278475,-0.00018841235799999998
1669052103188143968,-0.0029115246833241316,-0.0013291485282803251,-0.00018627602199999997
1669052103254198074,-0.002872706413105307,-0.0013312446362296068,-0.00018488082499999996
1669052103312933921,-0.0029048008937711195,-0.0013265936254960892,-0.00018814242499999996
1669052103375631093,-0.0028765762307596497,-0.0013300351038135116,-0.00019131781399999996
1669052103437983036,-0.0028651367337213076,-0.0013234135092718815,-0.00019282637999999995
1669052103500484943,-0.002904226184581202,-0.0012863860711062453,-0.00019021460899999994
1669052103562935113,-0.0029047258196261863,-0.001298525706287977,-0.00019187932699999994
1669052103625713109,-0.0028746669003883,-0.0013127602542351768,-0.00019227642129999995
1669052103688034057,-0.0028527897592699127,-0.0012992863504444868,-0.00019184506829999994
1669052103752424001,-0.002866145568766434,-0.00130235784325484,-0.00019392062129999993
1669052103812987089,-0.0028860599377402677,-0.0013120968766311791,-0.00019575951429999993
1669052103875504016,-0.002891182926664465,-0.0012828151631962981,-0.00019738903129999994
1669052103938275098,-0.002943283651586585,-0.0013057338995312274,-0.00020124969529999995
1669052104000900030,-0.002900787588756806,-0.0012999601307339427,-0.00020154481639999994
1669052104063093900,-0.0029192170174707883,-0.0012988107073547963,-0.00019791388539999993
1669052104125413894,-0.0029070900550981966,-0.0012908671762934482,-0.00019445188039999992
1669052104188123941,-0.0029257140752602957,-0.001291380465227434,-0.00019863431439999993
1669052104250525951,-0.002896667670057612,-0.0012950322529122211,-0.00020050849339999993
1669052104312983989,-0.0028914360978010627,-0.0012870318367260622,-0.00020126174399999992
1669052104375524997,-0.002891027780064926,-0.0012907800509807145,-0.00020032886759999992
1669052104437947988,-0.0028344715568138796,-0.0012886729347825173,-0.00020341346259999992
1669052104500498056,-0.002813505179328365,-0.0012889332334313156,-0.0001987597465999999
1669052104563009977,-0.0027940918420816755,-0.0013120422224777474,-0.0002022338275999999
1669052104625880002,-0.0027790701439102095,-0.0013123494693795278,-0.00020132850309999991
1669052104688102006,-0.002782944274474719,-0.0013169960345007956,-0.0002011053379999999
1669052104751754999,-0.00281974719196825,-0.0012852552025958309,-0.0002014131396999999
1669052104813077926,-0.002803283896742845,-0.0012962033887418585,-0.00020142494181999988
1669052104875541925,-0.00278024455145229,-0.0013005483165287532,-0.00020105575011999987
1669052104938035964,-0.002780244551466497,-0.0013005483165083223,-0.00020105575011980666
1669052105000844955,-0.00278828006292389,-0.0012981673598744263,-0.00019636563611980667
1669052105063330888,-0.002832919489168296,-0.001286583784001824,-0.00019295128311980667
1669052105125483036,-0.002819525977824589,-0.0012778712511348227,-0.00019614896111980667
1669052105188065052,-0.0028140410168400634,-0.0012697708818483861,-0.00019320391511980667
1669052105250538110,-0.0028040817657722025,-0.0012611536548538414,-0.00019110591911980667
1669052105313019990,-0.0027687798177096997,-0.0012581322002098575,-0.00019224953311980668
1669052105375492095,-0.002797635130788368,-0.0012843093532731767,-0.00019455177011980669
1669052105438009977,-0.0027948143011462265,-0.0013035968224355925,-0.00019448369318980668
1669052105500525951,-0.002806246373759999,-0.0013024779500627438,-0.0001934705111898067
1669052105563116073,-0.0027576150764620244,-0.0013042023068169052,-0.00019453032018980668
1669052105625458002,-0.0027372078157620965,-0.001289858456376438,-0.00019395270638980668
1669052105688079118,-0.002732610386981876,-0.0013044048183337867,-0.00019803279738980667
1669052105750571966,-0.0027295722885163558,-0.0013031756989528194,-0.00019680849238980667
1669052105813004970,-0.002732571394340633,-0.0013059640247573283,-0.00019554700338980665
1669052105875904083,-0.0027037217842000778,-0.0012964543470302859,-0.00019145642238980665
1669052105937988996,-0.002705819130920451,-0.0012983904635152734,-0.00019437955938980664
1669052106000571012,-0.0027434834499569264,-0.0013214809827778,-0.00019516961998980665
1669052106063086032,-0.002727897616185344,-0.0013155708685464735,-0.00018945780898980665
1669052106125519037,-0.0027350842819859555,-0.0012884918664905348,-0.00018382587998980665
1669052106188091993,-0.002738635761448464,-0.0012815744645198247,-0.00018455831528980664
1669052106250571012,-0.002762284034669019,-0.0013042384004203712,-0.00019450979828980664
1669052106312963008,-0.002792621587402091,-0.0012882605891668928,-0.00019548527938980664
1669052106375559091,-0.002765196372924573,-0.0012710523700637715,-0.00019308170838980664
1669052106438080072,-0.0027896962424871514,-0.0012864816198747357,-0.00019373052788980663
1669052106500586032,-0.002734698551823515,-0.0012847285065734155,-0.00019369029581980664
1669052106563035011,-0.0027403754510004034,-0.0012869902120555665,-0.00019290190631980663
1669052106625519037,-0.0027812416890350697,-0.0012822068187913966,-0.00018878264531980662
1669052106688110113,-0.0027774490534543898,-0.001275429113654395,-0.00018523228231980663
1669052106750643014,-0.002782788957140254,-0.0012833521076677764,-0.00018842201031980663
1669052106812992095,-0.002795610306978162,-0.0012753361137009837,-0.00018759677681980664
1669052106876097917,-0.002792156370218678,-0.001274191644628245,-0.00018698773411980664
1669052106938076972,-0.002792156370223118,-0.001274191644622915,-0.00018698773411947965
1669052107063091993,-0.0027956323689789196,-0.001273040205633658,-0.00018877716611947963
1669052107126854896,-0.0028274662013105974,-0.001274903590166242,-0.00018956608191947964
1669052107188086032,-0.0028061995696266957,-0.0012747384667952948,-0.00019090765291947964
1669052107251714944,-0.00283103898405849,-0.0012719830987108038,-0.00018964985591947965
1669052107376159906,-0.002857376865902608,-0.0012619191335543512,-0.00018744515591947964
1669052107438086986,-0.002879887951474022,-0.0012676550830611993,-0.00018824674431947965
1669052107500538110,-0.0028804369949379967,-0.0012667172407889384,-0.00018680194731947964
1669052107563142061,-0.002904977861607428,-0.0012678213045265454,-0.00018739550731947964
1669052107688483953,-0.00290941099791333,-0.0012755228129119503,-0.00018869397831947963
1669052107754014968,-0.0029393667555988414,-0.001285205963613279,-0.00019569072631947962
1669052107813035011,-0.0029462253937527637,-0.001253911800842203,-0.0001927593923194796
1669052107938232898,-0.0029304830953873267,-0.001244116828136079,-0.0001806442123194796
1669052108000808000,-0.0029247778956303597,-0.0012423085007178846,-0.00018240716931947962
1669052108063518047,-0.0029305890317648246,-0.0012393428156756599,-0.00018501221831947962
1669052108188066959,-0.002914750532737585,-0.0012167023856039976,-0.00018044422931947962
1669052108251287937,-0.002871431365124763,-0.001206965817139258,-0.0001768480563194796
1669052108313087940,-0.0028817744917441954,-0.0012166716501292045,-0.00018432101431947962
1669052108438282966,-0.0028717719267532887,-0.0012216910398973838,-0.0001847106312194796
1669052108500530004,-0.00287156316188829,-0.0012202625274341046,-0.0001816183312194796
1669052108563076972,-0.002849167596063136,-0.0012051459046300615,-0.00017845364421947962
1669052108688137054,-0.0027937758067795556,-0.0012061074900119777,-0.00017993989021947962
1669052108753500938,-0.0028058437264043387,-0.0012019362604443282,-0.00017596073621947963
1669052108813112974,-0.0028091313166106876,-0.0012045854619985505,-0.00017710157821947963
1669052108938195943,-0.0027947375039349227,-0.0011841313808447077,-0.00017501605621947963
1669052109000628948,-0.002793997099613806,-0.0011694063902018335,-0.00017222505321947963
1669052109063209056,-0.0027937999233597116,-0.0011821870443500706,-0.00017077639121947964
1669052109125514984,-0.002740674245260986,-0.001184017952988312,-0.00017511002121947965
1669052109250864028,-0.0027578731074595865,-0.0011857422113216388,-0.00017785449321947966
1669052109313098907,-0.0027628939162384386,-0.0011780263502262078,-0.00017821905261947965
1669052109375641107,-0.002803554768173943,-0.0011787069158985437,-0.00018059033761947966
1669052109500555038,-0.002821972572023436,-0.0011810522748593908,-0.00018169121561947965
1669052109563114881,-0.0028403008569828953,-0.0011923607849576912,-0.00018215615141947965
1669052109625565052,-0.0028402044471448106,-0.001195588474572885,-0.00018040024541947965
1669052109754132986,-0.0028292127009651668,-0.0011948900232752174,-0.00017910259641947966
1669052109813065052,-0.0028022439056357025,-0.0011854825833055728,-0.00018153583741947966
1669052109938144922,-0.0013163365019355307,-0.0007537264216346314,-8.385556741947965e-05
1669052110000675916,0.0009994687359323232,-0.0005959584142419651,-2.0616074194796568e-06
1669052110063134908,0.004440370883731254,-0.0005242708480312104,2.1677992580520342e-05
1669052110125511884,0.01025585088771211,-0.0007089103801422262,-1.0315917419479657e-05
1669052110254138946,0.011313791684314092,-0.0009225078937834838,-0.00021791151741947965
1669052110313126087,0.020498969705435133,-0.0010977944540097723,-0.0003326460174194796
1669052110438095092,0.04288369588318871,-0.0007823261264326862,-0.0006973842174194797
1669052110500624895,0.0554305084876829,-0.0006682520470730681,-0.0009906038174194796
1669052110563260078,0.06989601329227955,-0.0006301872503333944,-0.0013697634174194796
1669052110688137054,0.10658235125010802,0.0007594994654279044,-0.0023431409174194794
1669052110751334905,0.12971120005367312,0.0018073722395854255,-0.0029856665174194793
1669052110813009977,0.15636763279513177,0.003054643698330475,-0.0038373403174194794
1669052110938112974,0.22007093618620152,0.007141956136976374,-0.006092983317419479
1669052111000588893,0.2579336525492284,0.008483433565963322,-0.00752016631741948
1669052111063085079,0.2983371951297552,0.010339808561237163,-0.009087597317419479
1669052111188138961,0.3891131636782422,0.016047692156913176,-0.01287108431741948
1669052111251589059,0.43911699954625755,0.019886945349713483,-0.01492489331741948
1669052111313138008,0.4916440715736475,0.02404537864995909,-0.01692113831741948
1669052111438091039,0.604396203461945,0.033666372607984545,-0.02187164331741948
1669052111500610113,0.6656126493826927,0.03645168425993991,-0.02497233131741948
1669052111563374996,0.7287634396592407,0.038573466262476694,-0.02793253931741948
1669052111688137054,0.8642679247550522,0.04187207082275587,-0.03287915531741948
1669052111753113985,0.9359166202854154,0.04373472636461763,-0.03567022131741948
1669052111813101053,1.0112635887908106,0.04650062165704661,-0.03896197431741948
1669052111938299894,1.1723917074389296,0.05467822641578202,-0.046430872317419485
1669052112000638008,1.2568836029296546,0.057529012762460544,-0.050184781317419484
1669052112064225912,1.3446931174456347,0.060734976249827696,-0.05370832331741948
1669052112125533103,1.436027744053586,0.06182037769729712,-0.05769128431741948
1669052112251518964,1.6326566946857377,0.06354122544761603,-0.06616111531741949
1669052112313359022,1.736360466514525,0.0645710357636127,-0.07016626331741949
1669052112375698089,1.8411286240204838,0.06565878273303323,-0.07454998531741949
1669052112500648975,2.0609799776142927,0.06474851671694318,-0.08356498031741949
1669052112563170909,2.1769113629224197,0.061438738466809084,-0.0877007353174195
1669052112688193082,2.4186862637494295,0.050305986802485575,-0.0950279113174195
1669052112753024101,2.5458433091168056,0.045040071875242706,-0.0983738003174195
1669052112876158952,2.8094465449473054,0.03391416318010056,-0.1060494133174195
1669052112938333034,2.9447951459385266,0.027301233730608082,-0.1092916623174195
1669052113000596046,3.082509997592335,0.019665065779165578,-0.11188726131741951
1669052113063400030,3.2223865350720087,0.010804745306094406,-0.11403994331741951
1669052113125600099,3.365651873100468,0.000728165579551964,-0.11636059431741952
1669052113188035011,3.5103394300705193,-0.0133629908115084,-0.11929198631741952
1669052113251698970,3.6576081048108775,-0.03106281078927486,-0.12221292731741952
1669052113313101053,3.8083580120516944,-0.051678138772431735,-0.12463007031741952
1669052113375672101,3.961853143531074,-0.07426821262032104,-0.12634854431741951
1669052113438097953,4.118716459628444,-0.09665722450707283,-0.12775779431741952
1669052113500633955,4.276630124181166,-0.11651524660302869,-0.1292671923174195
1669052113563283920,4.436373180444871,-0.13324460938299842,-0.13061953431741952
1669052113625641107,4.601726481561808,-0.14795249605132518,-0.13153176181741952
1669052113688147068,4.770452557105735,-0.16288509817843327,-0.13214216821741953
1669052113751771926,4.9427681690398435,-0.1802225679720637,-0.13281934781741953
1669052113813942909,5.117687691628106,-0.20142474097047344,-0.13397782481741952
1669052113875678062,5.295801497035958,-0.22607772997933823,-0.13540457481741952
1669052113938165903,5.476483461734093,-0.2536547420298918,-0.1368277728174195
1669052114000670909,5.656869410211463,-0.28120432621153,-0.13773179021741952
1669052114063215017,5.84180724986354,-0.30739743726146274,-0.13801169001741953
1669052114125719070,6.031364554675616,-0.3323796463284751,-0.13811415501741953
1669052114188175916,6.223214938410781,-0.35649601351039445,-0.13849581401741953
1669052114252316951,6.417581460808946,-0.38358102880270667,-0.13949570721741952
1669052114313195943,6.614677683345775,-0.41413129124815573,-0.14072320721741952
1669052114376022100,6.814782083097661,-0.4478279628726844,-0.1416054688174195
1669052114438134908,7.017741472370157,-0.48337107051446454,-0.14169207276741952
1669052114500649929,7.224569547754224,-0.5176503076199765,-0.14152999396741953
1669052114563175916,7.4320632290117175,-0.5502083965234299,-0.14158299296741952
1669052114625598907,7.64332033456244,-0.5823184411150469,-0.14208644656741953
1669052114688513040,7.857257390744336,-0.612185597680544,-0.14270269536741953
1669052114750715017,8.073020277994535,-0.6402915141874495,-0.14291861616741952
1669052114813198089,8.291259945640718,-0.6671645340703241,-0.1426349411674195
1669052114875709056,8.516146547518634,-0.6950343946697225,-0.14239545946741952
1669052114938091039,8.74395140188772,-0.7253834957720376,-0.14256502046741953
1669052115000647068,8.975867096384322,-0.7574144090771575,-0.14299151666741952
1669052115063235044,9.209005319878617,-0.7933160735437206,-0.14352226266741952
1669052115125706911,9.443858093332858,-0.8310200489317289,-0.14372860346741953
1669052115189009904,9.681973862283984,-0.871542388033188,-0.14382703887741952
1669052115250715970,9.92204128791825,-0.9118317394027978,-0.14391011306741952
1669052115313148975,10.164070133163158,-0.9519816544524503,-0.14420002226741951
1669052115375730991,10.411380890075003,-0.9915439734736036,-0.14450837486741952
1669052115438286066,10.661189261903672,-1.027301005244145,-0.14441560754741953
1669052115500766038,10.914988793792823,-1.0618763158068867,-0.14383979384741952
1669052115564357042,11.169966977481918,-1.097165520361814,-0.1432498461474195
1669052115625691890,11.425665091679777,-1.1334166843092475,-0.1429260111474195
1669052115688273906,11.685095995292151,-1.1717809058718036,-0.14284106590741952
1669052115752480030,11.948000715660429,-1.2117435849649185,-0.14283600862841953
1669052115813194036,12.213106833324362,-1.2528880761928323,-0.14277770295841952
1669052115875715970,12.483685287685509,-1.2954558362764739,-0.1427158039084195
1669052115938164949,12.752612545382188,-1.3383353056226732,-0.14258338830841952
1669052116001317977,13.026123061578101,-1.382269021087278,-0.1424168773084195
1669052116063528060,13.302358095000978,-1.4241316587222046,-0.14192306890841952
1669052116125670909,13.57653899657873,-1.465332671232302,-0.14164121770841953
1669052116198193073,13.857247391611532,-1.5063527025612995,-0.14167998908841953
1669052116250787973,14.13850022665378,-1.5466041948859237,-0.14189492838841952
1669052116313261032,14.424385314630351,-1.5880937084549966,-0.14218853348841953
1669052116375653982,14.711518454360544,-1.6306746559751355,-0.14227323005841952
1669052116438108921,14.998390090724536,-1.6716507261791198,-0.1421452100584195
1669052116500612974,15.286250173637969,-1.7132014556965731,-0.14217007593841952
1669052116563884019,15.574851465163013,-1.75591570426454,-0.14274343873841952
1669052116625741004,15.86739955474354,-1.7983754423001883,-0.14345877963841952
1669052116750740051,16.455205436811244,-1.8861584914225842,-0.14450813163841952
1669052116813210964,16.751665832111513,-1.9320473236721,-0.14461839203841953
1669052116942099094,17.34373499591524,-2.0246614101169302,-0.14473357573841952
1669052117000787019,17.643925058250844,-2.0719447193668907,-0.14495761693841952
1669052117063515901,17.94616729883671,-2.1166511596570134,-0.14500237960841952
1669052117189306974,18.55849246432668,-2.20705956459172,-0.14330588360841953
1669052117253388881,18.8634369585919,-2.252314394327104,-0.14188534260841953
1669052117313138008,19.168777473932053,-2.2990990408116034,-0.14079105860841953
1669052117438177108,19.785257587680626,-2.3924084481797276,-0.14046878170841953
1669052117500680923,20.095729148979977,-2.442186833066249,-0.14046261209941954
1669052117563215970,20.410881282747948,-2.492907073042579,-0.13999312219941953
1669052117625691890,20.725227896072056,-2.5453024226967442,-0.13910025329941952
1669052117750880956,21.35498263279896,-2.6424626468334673,-0.1373291772994195
1669052117813210010,21.668779382896258,-2.688049139546333,-0.13685945069941952
1669052117875648021,21.985538336681213,-2.732888470878229,-0.1361325666994195
1669052117938087940,22.29833071712487,-2.7743554904737446,-0.1348503846994195
1669052118002089023,22.61222497148074,-2.817320083247268,-0.1333783356994195
1669052118065567970,22.92316165406068,-2.863361734867388,-0.13235442769941952
1669052118125875949,23.23283545251422,-2.9114090900537843,-0.1318776063994195
1669052118188667058,23.54225620312325,-2.960704467188952,-0.1317218431994195
1669052118250788927,23.85183078612172,-3.01023798841316,-0.1311400318994195
1669052118313247919,24.163244663810737,-3.0557265625353582,-0.1297805898994195
1669052118375775098,24.47493253266111,-3.0973752335930094,-0.1281267708994195
1669052118438134908,24.785513362229302,-3.1310418728308087,-0.1264181158994195
1669052118500668048,25.09727940649401,-3.1629116186910102,-0.1253492518994195
1669052118563231945,25.408538529454216,-3.198847878758712,-0.1252593940594195
1669052118625792026,25.7171868301692,-3.2425721739328925,-0.1257481326594195
1669052118688255071,26.025354411014316,-3.2904785567673716,-0.12606787365941952
1669052118750782012,26.33216572476773,-3.3413195489451373,-0.1260021497294195
1669052118813226938,26.64028529473633,-3.392374560141382,-0.1254893025294195
1669052118875735998,26.948909916597746,-3.4387146417030885,-0.1244589035294195
1669052118938158988,27.261673812052905,-3.479596121210134,-0.1232544095294195
1669052119000715970,27.574766918994026,-3.515864958675088,-0.1217979155294195
1669052119063546895,27.887318085146575,-3.5505602661823863,-0.1204360565294195
1669052119125746965,28.19984555954547,-3.5861303204017636,-0.1197051575294195
1669052119188481092,28.515593968386934,-3.625095670449417,-0.1197727400794195
1669052119254993915,28.830148224460626,-3.6668699730782714,-0.1200725550794195
1669052119313246965,29.14494499897884,-3.710377188794295,-0.1201175261894195
1669052119375745058,29.458904591883183,-3.7530031725067854,-0.1198611173894195
1669052119438134908,29.772868750812844,-3.7935926120218464,-0.1194872096894195
1669052119500761985,30.086011410326787,-3.8332365619309234,-0.1192230933894195
1669052119563250064,30.40042177528666,-3.8708462377532746,-0.1191577851994195
1669052119625699043,30.716936146578558,-3.911265649023724,-0.11942731039941949
1669052119688261985,31.03134210441488,-3.9526387935184433,-0.11970374509941949
1669052119751672029,31.34582022036339,-3.9956940112347703,-0.11970148002241948
1669052119813276052,31.661602732007076,-4.038985796377045,-0.11941408682241948
1669052119875941991,31.978201626309712,-4.07970275435835,-0.11899944092241949
1669052119938199996,32.29652616940653,-4.117617345679255,-0.11851783612241949
1669052120000961065,32.61499739914358,-4.155335810451553,-0.1182988983224195
1669052120063297986,32.93532901323992,-4.190680855974517,-0.11825754020241949
1669052120125569105,33.25622399139541,-4.226067084758146,-0.11808985280241949
1669052120188276052,33.57438112104688,-4.265499714178399,-0.11813047530241949
1669052120251121997,33.8925213078654,-4.307035394617922,-0.1185905102024195
1669052120313216924,34.21267223936197,-4.349677347756422,-0.1192462074024195
1669052120375802993,34.535612842071956,-4.395357043689122,-0.1198232602024195
1669052120438343048,34.8578171709225,-4.439356468316709,-0.1198968675624195
1669052120500730037,35.180632962354515,-4.479859921926056,-0.11960529116241951
1669052120563659906,35.50433822034163,-4.5172194730976,-0.11907032166241951
1669052120625782966,35.83126228681863,-4.553938472170342,-0.11855792236241952
1669052120688301086,36.15843442964616,-4.59120017156849,-0.11846572886241952
1669052120750771045,36.485522135962604,-4.6311862364744805,-0.11870153386241952
1669052120813268899,36.81170460059535,-4.672720428512921,-0.11892722806241952
1669052120875834941,37.13879554618161,-4.713927216168273,-0.11901510560241953
1669052120938174009,37.467078433159266,-4.755086051545269,-0.11909343840241952
1669052121000858068,37.79532334706515,-4.7963640424940905,-0.11901204351241952
1669052121065144062,38.122619304341924,-4.838144907316188,-0.11892268686241952
1669052121125871896,38.45129181494465,-4.879012146596768,-0.11886978985241953
1669052121188272953,38.780014388159785,-4.920008190267091,-0.11898802445241953
1669052121250895977,39.10914937171452,-4.962205542188159,-0.11957459845241954
1669052121313391923,39.44100468521247,-5.005472497042989,-0.12027895225241954
1669052121375803947,39.77411719852681,-5.04752594056377,-0.12086231105241954
1669052121438321113,40.107979386043795,-5.090026546097064,-0.12118584015241954
1669052121500720977,40.44292862649866,-5.1320102358840085,-0.12176359335241954
1669052121563381910,40.77608445673668,-5.173131144386484,-0.12254964495241955
1669052121625843048,41.11187261450967,-5.21429494065219,-0.12334551395241955
1669052121688332080,41.447487945522205,-5.256241244488541,-0.12418223695241955
1669052121752486944,41.78537413028325,-5.297736008718223,-0.12488820875241954
1669052121813183069,42.12122502002432,-5.34147705718671,-0.12564249245241954
1669052121876506090,42.45753572812358,-5.386936388117111,-0.12640191775241955
1669052121938297033,42.792118967978865,-5.4318478967557935,-0.12733190585241955
1669052122000818967,43.12746012078696,-5.477437904655473,-0.12827182395241954
1669052122063410043,43.46810269209144,-5.524961982519078,-0.12915855485241953
1669052122125874042,43.80551965570346,-5.572049880582489,-0.12984583805241953
1669052122188640117,44.140643013672786,-5.617172659492223,-0.13035582725241954
1669052122252641916,44.472410430552614,-5.659828447910273,-0.13065016415241953
1669052122313219070,44.80282123253062,-5.702550342735432,-0.13131365375241955
1669052122375873088,45.13817701298656,-5.744523201307212,-0.13210301645241954
1669052122438266038,45.475058717813845,-5.787210388943047,-0.13262040695241953
1669052122500750064,45.810907217727426,-5.833474189399848,-0.13273520545241954
1669052122563365936,46.14537990533623,-5.8847789225602245,-0.13288991025241953
1669052122625832080,46.48056721563427,-5.938653959537043,-0.13334086105241952
1669052122688301086,46.81827926395193,-5.992196190579573,-0.1337958926524195
1669052122754131078,47.15656498067445,-6.043230695364694,-0.1339958708524195
1669052122813292026,47.4966168386881,-6.08961463798629,-0.1340038478584195
1669052122875847101,47.83628005831633,-6.135972008785227,-0.1336925955584195
1669052122938342094,48.172330125532305,-6.177902359146293,-0.1331819741584195
1669052123000818967,48.50849000749224,-6.220955913872979,-0.13330587145841952
1669052123065464973,48.844172851863405,-6.266609331630088,-0.1340669876584195
1669052123125776052,49.18058636125343,-6.316723941477821,-0.1348615280584195
1669052123251477003,49.852455878407554,-6.42541006378087,-0.1345930195584195
1669052123313312053,50.188731903091146,-6.47530942987253,-0.1338268788584195
1669052123376036882,50.52341137033177,-6.5238477194785895,-0.13365980845841952
1669052123438314914,50.85615494493315,-6.569916493699804,-0.13381973415841952
1669052123563694953,51.518944214658696,-6.6563401369077955,-0.1324930841584195
1669052123625848054,51.85080324353752,-6.697854659135486,-0.13158273025841952
1669052123688335895,52.18336848065005,-6.742234858772703,-0.1314020584584195
1669052123813249111,52.85630021486989,-6.8326990302330595,-0.1316542538584195
1669052123875859022,53.19284034043595,-6.881028860068799,-0.1314399297584195
1669052123938283920,53.53092567987058,-6.931892781811765,-0.13100300595841952
1669052124064758062,54.2044031248672,-7.031194399579627,-0.13044402185841952
1669052124125787973,54.541773070515795,-7.07831412258462,-0.12998628985841953
1669052124188349008,54.87996912816017,-7.122388736305099,-0.12935742295841954
1669052124313281059,55.55538816021809,-7.206311654750022,-0.12806652195841953
1669052124375897884,55.891759824094244,-7.252969514449808,-0.12808476749841952
1669052124438354969,56.22188639908891,-7.302526903419062,-0.12882201299841953
1669052124500823020,56.55399782498961,-7.354315531905353,-0.12997899099841953
1669052124625859975,57.216371714774816,-7.449939103241376,-0.13203521699841952
1669052124688370943,57.554006858883305,-7.496406561441008,-0.13217043279841953
1669052124753885984,57.890832001854456,-7.53956047623131,-0.13194739639841954
1669052124813391923,58.22532482798933,-7.579806261846037,-0.13188415186841954
1669052124938271045,58.9025876920119,-7.672837929319461,-0.13338203786841954
1669052125004048109,59.23820461220823,-7.7242625281187145,-0.13416125426841954
1669052125063417911,59.57537180176486,-7.776491020673286,-0.13430958076841953
1669052125188843011,60.24584348034522,-7.877737136858586,-0.13396794676841953
1669052125252816915,60.583031905099425,-7.922109298136565,-0.13397158930541953
1669052125313395023,60.91804942166387,-7.9637013615947785,-0.13406718221541952
1669052125375838994,61.25379686088681,-8.00655003749301,-0.1340120180054195
1669052125500823020,61.92696184358355,-8.10500683046727,-0.13458029840541952
1669052125563380002,62.26061547276122,-8.156113119181978,-0.1352065970054195
1669052125625961065,62.598065437388755,-8.20860148861717,-0.13551762890541952
1669052125754157066,63.27347509340005,-8.302042766136067,-0.1347928741054195
1669052125813311100,63.612216879834236,-8.344937241493946,-0.13420163340541952
1669052125876163959,63.951192756130716,-8.38721281308999,-0.1339236158054195
1669052125938355922,64.28900497934168,-8.43155756710874,-0.1342392289054195
1669052126063360929,64.96324447537518,-8.529047038717758,-0.13577264490541952
1669052126125859975,65.2969779286684,-8.581982163424858,-0.1362744308054195
1669052126254122018,65.96752913251223,-8.682713633030911,-0.1358887057054195
1669052126313375949,66.30373849330581,-8.731190050285207,-0.1353103066054195
1669052126375919103,66.64221347781685,-8.77903619870405,-0.13487181750541952
1669052126438358068,66.97994378872825,-8.82701257454069,-0.1347065574054195
1669052126563502073,67.65121691781665,-8.922890643219684,-0.13432198050541952
1669052126625917911,67.98925115300473,-8.972646723122592,-0.13401738050541953
1669052126753520965,68.67011987049796,-9.073696030526895,-0.13312297010541954
1669052126813581943,69.01168907776018,-9.123830267543473,-0.13282062540541953
1669052126875897884,69.35495171528748,-9.174721257931754,-0.13272147671541953
1669052126938267946,69.69703834919886,-9.225639883780644,-0.13270999492541954
1669052127063467979,70.38434817385263,-9.323585400743076,-0.13226920872541956
1669052127125987052,70.73080242294536,-9.370289888204601,-0.13178496502541956
1669052127250886917,71.42628677527121,-9.465611661240263,-0.13153434792541957
1669052127313441991,71.77439676291267,-9.51371603668102,-0.13163300152541957
1669052127375929117,72.12635864570267,-9.564246480945576,-0.13160308361541956
1669052127500844955,72.82647687506594,-9.660811701070958,-0.13110683891541955
1669052127563536882,73.17571540079999,-9.710267304920379,-0.13102939339541955
1669052127625972986,73.52286112578118,-9.75884826428293,-0.13094683326541956
1669052127751346111,74.23255530481237,-9.85832539718174,-0.13114672806541955
1669052127813360929,74.58757601910202,-9.908038941455134,-0.13155517636541955
1669052127875971078,74.94345912578763,-9.9578746202632,-0.13204056536541955
1669052127938328981,75.30211416854509,-10.005749252265428,-0.13224441376541957
1669052128063424110,76.02008070788725,-10.107175749111311,-0.13274008346541957
1669052128125946044,76.3787836197661,-10.159371281074991,-0.13324673156541958
1669052128189114093,76.73728552840896,-10.211466768309323,-0.13355631986541958
1669052128313437938,77.45727199928146,-10.318472879796149,-0.13400593796541957
1669052128375961065,77.81764915933708,-10.372335694084137,-0.13418396186541956
1669052128438363075,78.18038883810766,-10.424559963650598,-0.13431796076541955
1669052128563769102,78.91233806855071,-10.525014487755842,-0.13451812936541954
1669052128626015901,79.27958346264028,-10.575998988549498,-0.13479897936541954
1669052128688390016,79.64699766707925,-10.627660457674407,-0.13501608676541954
1669052128813395977,80.3871713896739,-10.728657814632992,-0.13479664156541954
1669052128875924110,80.75265287897363,-10.785104556849253,-0.13514236806541954
1669052128938384056,81.11993519517678,-10.841070770011637,-0.13523337962541954
1669052129063462018,81.85222292268396,-10.94763782796133,-0.13423530222541954
1669052129125929117,82.22046322665688,-10.998156185253565,-0.13390129652541954
1669052129188427925,82.59048028164241,-11.04733324769118,-0.13355851492541954
1669052129253362894,82.96270040705014,-11.098043368336869,-0.13329145962541952
1669052129376003980,83.71275770666465,-11.20559822162804,-0.13299484362541952
1669052129438359022,84.0847779283003,-11.25746433891176,-0.13260088812541954
1669052129500900030,84.45795023346355,-11.310110847480091,-0.13172047192541952
1669052129625893115,85.20600262521452,-11.416790467511916,-0.12971736992541952
1669052129688462018,85.57999410710156,-11.468925043380292,-0.12938143812541952
1669052129813448905,86.3294921984793,-11.569322018230645,-0.12864075202541952
1669052129875956058,86.70378640764577,-11.619475606712104,-0.12795622042541951
1669052129938366889,87.07633022246435,-11.671558174878555,-0.1273138855254195
1669052130000958919,87.44874898736222,-11.725656650371526,-0.1271905682254195
1669052130125948905,88.1978593152121,-11.837415305702496,-0.1273065032254195
1669052130193303108,88.5736336241568,-11.893429757159437,-0.1271288175254195
1669052130252541065,88.94779552548916,-11.946009278070045,-0.12642286852541948
1669052130375932931,89.6927931999659,-12.043051112088941,-0.12588368442541947
1669052130438421010,90.06156441784643,-12.088576100517775,-0.12679290112541947
1669052130501018047,90.42846572856014,-12.134611807549655,-0.12816364012541948
1669052130625962972,91.17384767153483,-12.235343090103989,-0.13068169312541947
1669052130688479900,91.54385509047157,-12.285815988246789,-0.13134115142541947
1669052130751558065,91.91830718846768,-12.335582422775406,-0.13186986052541946
1669052130876003026,92.67071894319581,-12.43763936317261,-0.13254187202541948
1669052130938400983,93.04501359662845,-12.488323498771608,-0.13245117086541947
1669052131000961065,93.41862494728575,-12.540335697782321,-0.13238917720541946
1669052131063460111,93.79186477064418,-12.590929095620469,-0.13254576870541945
1669052131189023971,94.53724897617298,-12.693974770113247,-0.13349255880541946
1669052131254904031,94.9083165582951,-12.744940613161168,-0.13383177400541946
1669052131313298940,95.27725262772988,-12.797920150543042,-0.13460407320541945
1669052131375955104,95.64518799334128,-12.849526580762197,-0.13555983740541944
1669052131500885963,96.37739725421271,-12.956984864726367,-0.13700533740541943
1669052131563512086,96.74914168752494,-13.011596644690647,-0.13738962340541944
1669052131626140117,97.11907436126869,-13.065299647589827,-0.13785862490541945
1669052131753916978,97.8573230706773,-13.175839842395217,-0.13861508250541946
1669052131813500881,98.22550109998647,-13.233259183841152,-0.13844982510541945
1669052131876108884,98.595686729259,-13.290799580817636,-0.13808255440541944
1669052131938608884,98.96407635738345,-13.348498349650086,-0.13802122226541944
1669052132063483953,99.70413520508006,-13.468463941807817,-0.13832444856541942
1669052132125993967,100.07452527080925,-13.528903585596812,-0.13820495596541943
1669052132189083099,100.44351004994459,-13.587516502580083,-0.13802410006541943
1669052132313479900,101.18769620542031,-13.70462930196204,-0.13820026316541942
1669052132376025915,101.55424089435232,-13.756198552402216,-0.13802738746541943
1669052132438441038,101.92009518396203,-13.806478019584846,-0.13805463055541942
1669052132500966072,102.2862760187728,-13.857249262310871,-0.1387552996554194
1669052132563474893,102.65100899827664,-13.911170690727786,-0.13989898165541942
1669052132625960111,103.01820335613994,-13.965851773790757,-0.14089046315541942
1669052132688452005,103.38846735435995,-14.020773121061477,-0.1413886710554194
1669052132750897884,103.75444363595797,-14.07530480853561,-0.14143273060541942
1669052132813695907,104.12459418975763,-14.128761747564026,-0.14107528720541943
1669052132877055883,104.49455901439202,-14.179368735217796,-0.14065735570541943
1669052132938391923,104.86489443020523,-14.228893656184704,-0.14036504950541942
1669052133000981092,105.23716549909093,-14.279679131567518,-0.14025137760541942
1669052133063427925,105.60608907921645,-14.33043111157369,-0.1402061244354194
1669052133125883102,105.97471971693714,-14.382934171275503,-0.1399874044354194
1669052133190892934,106.3427769910732,-14.437536892403772,-0.13992605142541942
1669052133251013040,106.70990312866044,-14.493184305561266,-0.1402171118254194
1669052133313441038,107.08018879569144,-14.548085856037973,-0.1403261110254194
1669052133376393079,107.4530597359376,-14.59822611003227,-0.13993184292541938
1669052133438460111,107.82010322268324,-14.6487623819653,-0.1396440880254194
1669052133500993967,108.18344402117965,-14.704897655645498,-0.13941241942541938
1669052133563869953,108.54551240473583,-14.759745098905707,-0.13930241372541938
1669052133625991106,108.9091929690821,-14.815938423068975,-0.13950618722541938
1669052133688544034,109.27408688605637,-14.873684332253363,-0.13973605012541937
1669052133751425981,109.63976373729612,-14.931851872237344,-0.13976083611541937
1669052133813482046,110.00488054745868,-14.986807892675793,-0.13904608991541936
1669052133876066923,110.37026793589807,-15.039335819255708,-0.13807652611541937
1669052133938457012,110.73988120256155,-15.093941305909159,-0.13801373574541936
1669052134000972986,111.11119597560817,-15.146571705149354,-0.13850497244541937
1669052134063628911,111.47923094207421,-15.198857543127314,-0.13896374484541937
1669052134126038074,111.8487435569295,-15.254990482508346,-0.13919012514541937
1669052134188486099,112.2169272509611,-15.313546496543106,-0.13935268824541938
1669052134254220008,112.58476509264125,-15.369588378250869,-0.1394847894454194
1669052134313461065,112.95566802146094,-15.42633874712677,-0.13989760184541938
1669052134376569032,113.32236249932895,-15.483194217995326,-0.14039424864541938
1669052134438457012,113.69049633982299,-15.537633389161916,-0.14048923159541937
1669052134500984907,114.05927766430739,-15.590268415356622,-0.14038289769541937
1669052134563496112,114.42785867988381,-15.642317338826448,-0.14051871979541936
1669052134626012086,114.79429218911828,-15.696507163871498,-0.14107591239541936
1669052134688498973,115.16159983075431,-15.751541239522036,-0.14158394369541935
1669052134751029968,115.53186279302538,-15.80551484678146,-0.14177948409541935
1669052134813467979,115.90309530639308,-15.862265799205817,-0.14200478339541936
1669052134876411914,116.27315340801249,-15.920818944923672,-0.14252632649541935
1669052134938611030,116.64438202037815,-15.977809150536558,-0.14304574069541937
1669052135001137971,117.01853211992496,-16.03373446075171,-0.14322841709541936
1669052135064400911,117.39300304288743,-16.089333299845823,-0.14328795837541936
1669052135126023054,117.76743326351433,-16.145226904225925,-0.14350033987541935
1669052135188488006,118.1433275510183,-16.20004152671468,-0.14384202797541934
1669052135252013921,118.51946910189785,-16.258263579120293,-0.14412167457541933
1669052135313430070,118.89550712151244,-16.31680478229397,-0.14421962085541934
1669052135376717090,119.2697803819075,-16.374663098655166,-0.14421904182491935
1669052135438426017,119.64375447836647,-16.434053983448536,-0.14428340094491934
1669052135500927925,120.01549394792282,-16.490579338146635,-0.14427723752991933
1669052135563493013,120.3919240021252,-16.54644996803099,-0.14427265800691932
1669052135625982999,120.76719079492443,-16.60089391055034,-0.14415010190691932
1669052135688510894,121.14042140971917,-16.655343792196067,-0.14426612610691933
1669052135751019954,121.51488353307533,-16.712482455369013,-0.14458106540691934
1669052135813586950,121.89244726175211,-16.77061308907947,-0.14483089850691935
1669052135876009941,122.27139551228936,-16.829100588581323,-0.14511845020691935
1669052135938436985,122.64875798161906,-16.88857566525538,-0.14529014260691936
1669052136001033067,123.02588214146995,-16.9455888570077,-0.14521427283691937
1669052136063543081,123.4034453001167,-17.004396467120202,-0.14523081871691937
1669052136125978946,123.77791303956953,-17.06321425897415,-0.14525443924691936
1669052136188522100,124.15735623064491,-17.121992324280374,-0.14538675474691937
1669052136251061916,124.53932833830926,-17.181213796877113,-0.14538677088077936
1669052136313467025,124.91680951713893,-17.237532419584948,-0.14518004858077938
1669052136376230955,125.29583566168405,-17.295263285185705,-0.14520507297077936
1669052136438473939,125.67503214971475,-17.354182799856837,-0.14543271947077938
1669052136500956058,126.05370567598776,-17.413539586933226,-0.14588231837077936
1669052136563503026,126.43316683391147,-17.474177566966073,-0.14631480497077937
1669052136625942945,126.809463038645,-17.533206292569954,-0.14641884477077938
1669052136688420057,127.18805509207776,-17.590185967668504,-0.1461317158707794
1669052136751182079,127.56335323361606,-17.647761377116865,-0.14610916686077938
1669052136813514947,127.94141726635,-17.708550139021277,-0.1463603400607794
1669052136876310110,128.31881724793672,-17.769715227174874,-0.14666222766077938
1669052136938425064,128.69753229560166,-17.828401255269565,-0.14663600683077938
1669052137001383066,129.07188142825223,-17.885671456964307,-0.1463728689307794
1669052137063565969,129.45154856568107,-17.94669886484157,-0.14618162393077938
1669052137126224040,129.823936859112,-18.003759368746547,-0.14596792913077938
1669052137189629077,130.19440564726833,-18.058187170821583,-0.1457351092307794
1669052137251662969,130.56632999099693,-18.115327936462453,-0.14585757723077938
1669052137313560009,130.94298911058587,-18.174416490526816,-0.14630664723077938
1669052137376113891,131.31854326073014,-18.234001894801185,-0.14664140623077937
1669052137438500881,131.69241558132603,-18.2926161210527,-0.14646579703077936
1669052137501164913,132.06848443168045,-18.352218979280977,-0.14638797448077936
1669052137563528060,132.44233736416516,-18.40878984288619,-0.14630313694077937
1669052137626041889,132.8182865930781,-18.4647146844045,-0.14626436680077937
1669052137688571929,133.19503427991725,-18.522458394740966,-0.14621643782077937
1669052137752038955,133.57161020136328,-18.58139115169679,-0.14619978922077936
1669052137813474893,133.94717297511139,-18.638887856219625,-0.14615318785077935
1669052137876065015,134.32130037064002,-18.696873986291916,-0.14621780617077934
1669052137938597917,134.69649731095188,-18.756198388050965,-0.14627918318077934
1669052138001089096,135.07221569210128,-18.81611611280173,-0.14621332212077934
1669052138064524888,135.44527860631632,-18.874469800220485,-0.14612427974077935
1669052138126059055,135.81936063475527,-18.931088304476535,-0.14601417064077934
1669052138188575029,136.19471436965426,-18.988077256180894,-0.14598578836077936
1669052138251935005,136.5712754523508,-19.045355929523645,-0.14604720838077936
1669052138313527107,136.94813761997344,-19.103321099877842,-0.14610324644077938
1669052138376075029,137.3253464446704,-19.159729756813437,-0.14629955694077937
1669052138438570022,137.69532850099677,-19.217206468661566,-0.14655403684077936
1669052138501051902,138.06922455007793,-19.27501757600216,-0.14670456904077936
1669052138563987016,138.44044272057673,-19.33238215839379,-0.14679012260077937
1669052138688580989,139.1918423403446,-19.447633620577726,-0.14651412350077936
1669052138751246929,139.56454456115617,-19.504838807078748,-0.14654875150077937
1669052138813493967,139.9390190089363,-19.561480351727305,-0.14642100720077936
1669052138938536882,140.6959131918939,-19.67693332164234,-0.14678032300077937
1669052139001276969,141.07045525485856,-19.73584358605715,-0.14694770480077937
1669052139125900983,141.8196776518059,-19.850865706067907,-0.14664963850077936
1669052139188622951,142.19849853396065,-19.907179345041943,-0.14666919291077937
1669052139252023935,142.57262275358894,-19.96359582247695,-0.14695585081077936
1669052139313564062,142.94514979745352,-20.019390495234774,-0.14714247951077936
1669052139438613891,143.6914069864005,-20.134093306670387,-0.14745507281077935
1669052139501012086,144.06446596320677,-20.191069322033993,-0.14758076571077935
1669052139563575029,144.43635733014997,-20.247347092142682,-0.14762066650077935
1669052139626096010,144.80493554962413,-20.304747167057307,-0.14749563230077933
1669052139688589096,145.17390078889792,-20.363308130354444,-0.14745382520077932
1669052139752302885,145.5441695719605,-20.422255404820106,-0.14763586570077933
1669052139813637018,145.91457826899008,-20.479539886235756,-0.14778571000077934
1669052139876070022,146.28502244429419,-20.536956707873014,-0.14786118490077935
1669052139938518047,146.65202415138262,-20.5936060813073,-0.14773931210077934
1669052140001118898,147.01875740814668,-20.649967877859797,-0.14760216860077935
1669052140063534021,147.38671252560061,-20.707325619909284,-0.14775048380077935
1669052140126069068,147.75243911700753,-20.765525412264367,-0.14820562770077936
1669052140188570022,148.11680399780658,-20.8255159336432,-0.14862361000077937
1669052140254035949,148.47805861233363,-20.886882084793367,-0.14885765980077936
1669052140313565969,148.83705660806916,-20.947451848456065,-0.14885013989477935
1669052140376137971,149.1980529953703,-21.004811630275988,-0.14863167419477935
1669052140438498020,149.560418067064,-21.059705338033062,-0.14855049365477935
1669052140501097917,149.9232935833485,-21.114210742524246,-0.14869345845477935
1669052140563884019,150.28253597318675,-21.16934466231681,-0.14888387685477936
1669052140626025915,150.64314896705343,-21.22456363771898,-0.14905671905477935
1669052140688566923,151.00187413578783,-21.280381948970444,-0.14942318935477936
1669052140752435922,151.3578410392988,-21.337447329706418,-0.14985159475477935
1669052140813576936,151.7104345936588,-21.395887239030206,-0.15033149085477934
1669052140876111030,152.0661509666942,-21.452981540091304,-0.15029881055477934
1669052140938577890,152.41867153122652,-21.508673912240955,-0.14997155675477933
1669052141001049995,152.77041482392514,-21.563928646882697,-0.14971435155477933
1669052141063585996,153.1200336841749,-21.619259911409024,-0.14975234183477934
1669052141126147031,153.46732203413458,-21.672020886573463,-0.14962312303477934
1669052141188607931,153.81589713521063,-21.72376200418687,-0.14934161743477933
1669052141253334045,154.16293997352014,-21.77649377885992,-0.14909223423477933
1669052141313625097,154.51035569275803,-21.831041177068208,-0.14883291053477932
1669052141376105070,154.85631096936274,-21.887212586930858,-0.14855513603477932
1669052141438611984,155.19573395288108,-21.94149655134382,-0.14803839033477934
1669052141502177953,155.53476011379195,-21.996814494547344,-0.14738586513477933
1669052141563586950,155.8723172544128,-22.05303223869424,-0.14674449613477933
1669052141626205921,156.21060186544904,-22.106227042649024,-0.14575485983477932
1669052141688611030,156.54943992728803,-22.157469980427354,-0.14450979983477932
1669052141751101970,156.88589100827062,-22.205356266249474,-0.1432369358347793
1669052141813692092,157.22165404269182,-22.255852199161634,-0.1424002953347793
1669052141876554012,157.5571837306245,-22.30988477074607,-0.1419339733347793
1669052141938621997,157.89015726096775,-22.3664207487996,-0.1416031685347793
1669052142001115083,158.22176464452895,-22.423980774948845,-0.1412769839347793
1669052142063658952,158.55349275245106,-22.482546558554677,-0.1410304611347793
1669052142126167058,158.88604254774228,-22.53956257739218,-0.1404712106347793
1669052142188617944,159.21479032144677,-22.588850937215277,-0.1392927286347793
1669052142254194021,159.54195905247255,-22.631720162783186,-0.13775193063477928
1669052142313723087,159.86892365291527,-22.672587525857683,-0.1368318093347793
1669052142376260995,160.19884418615302,-22.71511223606597,-0.13661737063477927
1669052142438601016,160.5308566420712,-22.761854938423827,-0.13672978973477928
1669052142501147985,160.85593850839237,-22.81186449848931,-0.13670707604477927
1669052142563635110,161.18317129105364,-22.866363807039576,-0.13670054536277929
1669052142626105070,161.50665448372723,-22.91873706097116,-0.1369280120627793
1669052142688625097,161.8323222365173,-22.969333187482306,-0.1374209124627793
1669052142752334117,162.1559372043782,-23.01744063176831,-0.1379203428627793
1669052142813586950,162.47646965300683,-23.06282214432404,-0.13806017536277929
1669052142876221895,162.79079569422197,-23.10277089270233,-0.13779871886277928
1669052142938648939,163.10765894017317,-23.140989133168254,-0.13762523386277928
1669052143001049995,163.42280630133163,-23.177943310333063,-0.1378934273627793
1669052143063649892,163.7342462809001,-23.219023727539806,-0.13857054926277929
1669052143126053094,164.04130336349672,-23.262941316085843,-0.1391058967627793
1669052143188672065,164.34301470389312,-23.306932240930728,-0.13944581636277928
1669052143251400947,164.6423761338099,-23.35147232051523,-0.1398783543627793
1669052143313610076,164.93758653838756,-23.39685322376633,-0.1405897668627793
1669052143377350091,165.23165661146925,-23.44009726566939,-0.1414723923627793
1669052143438647031,165.52322839436624,-23.480926611034104,-0.1422447757627793
1669052143501153945,165.814428631382,-23.521828008337664,-0.1428723676627793
1669052143563689947,166.10471327919882,-23.561511711855946,-0.1435603448627793
1669052143626254081,166.39521689168257,-23.60041375641813,-0.1448999458627793
1669052143688617944,166.68499854084519,-23.63670944501616,-0.1466475568627793
1669052143751560926,166.97043418852087,-23.671448618269533,-0.1486095968627793
1669052143813662052,167.25631418164107,-23.708501069079745,-0.1508375488627793
1669052143876168966,167.53909472766324,-23.748476559902418,-0.1535139298627793
1669052143938683032,167.81893865910376,-23.789443167242005,-0.15654212786277932
1669052144001219034,168.0954810880696,-23.831280916277933,-0.16001038386277933
1669052144063570976,168.36937885606295,-23.871031528324057,-0.16386911686277933
1669052144126197099,168.6386522088597,-23.91186890202871,-0.16836160586277932
1669052144188672065,168.90489111654543,-23.951625707430452,-0.1731419418627793
1669052144252866983,169.169165759945,-23.989911470082863,-0.17833023386277932
1669052144313597917,169.43158924972118,-24.026739611802732,-0.18410951186277932
1669052144438688039,169.95945882172597,-24.100315925196313,-0.20032678186277933
1669052144501096963,170.22264240402944,-24.13968766958667,-0.21097921186277932
1669052144563714981,170.48274069156113,-24.177861885380455,-0.22320570186277933
1669052144688653945,170.99572795398876,-24.243193861977613,-0.2503264118627793
1669052144752779960,171.2508502019533,-24.27672362762762,-0.2659375218627793
1669052144813648939,171.5054439997048,-24.312743243247336,-0.2837491118627793
1669052144938623905,172.01799718565636,-24.39716228219999,-0.3238024518627793
1669052145001167058,172.26956103560147,-24.45315405942731,-0.3448504418627793
1669052145126156091,172.7621470402009,-24.55933824362836,-0.3903503918627793
1669052145188693046,173.00690965757448,-24.619643908416332,-0.4146724118627793
1669052145252260923,173.25058676005054,-24.679722157985545,-0.4391698518627793
1669052145313652992,173.49386270666113,-24.741228651836447,-0.4639848818627793
1669052145438633918,173.98113920254485,-24.863872017445804,-0.5176470218627793
1669052145501173973,174.21715622667102,-24.940234623800016,-0.5461920118627793
1669052145626168966,174.68759458330106,-25.10724989871634,-0.6041113718627793
1669052145688766956,174.91408228087076,-25.207983311114393,-0.6336252418627794
1669052145751144886,175.13385674080678,-25.315639045012137,-0.6634231818627794
1669052145813678026,175.3516730671459,-25.433025692710558,-0.6930394618627794
1669052145938577890,175.78949184746097,-25.669663881628,-0.7512566918627794
1669052146001163005,176.0040532579801,-25.80314405437834,-0.7798978218627795
1669052146126177072,176.4355753827445,-26.0752759203953,-0.8375541018627795
1669052146188651084,176.63871873438924,-26.224541243443642,-0.8672401618627794
1669052146253609895,176.84058804594093,-26.379489421447417,-0.8974086718627794
1669052146376178979,177.2492860242192,-26.700675920855222,-0.9582871218627794
1669052146438680887,177.4390623973825,-26.878244372734663,-0.9885374318627794
1669052146501173019,177.61953233809191,-27.062019827088477,-1.0189914118627794
1669052146626138925,177.9773195506303,-27.449245530083495,-1.0824472818627795
1669052146688705921,178.14503112641978,-27.660794023895463,-1.1138000018627796
1669052146752464056,178.30749160092458,-27.88226355925722,-1.1435293418627797
1669052146876144886,178.63003709867547,-28.334156560132897,-1.1982821618627797
1669052146938704967,178.77758457441092,-28.56849916129469,-1.2246257918627796
1669052147001614093,178.91671562276318,-28.806636536099372,-1.2518169918627797
1669052147128684043,179.18173110336306,-29.294145540626435,-1.3078988218627798
1669052147189359903,179.29238291056407,-29.547708144308803,-1.33518779186278
1669052147254133939,179.39372785739334,-29.80545214235572,-1.36065291186278
1669052147313569068,179.49144303486148,-30.071752377139006,-1.38459353186278
1669052147376316070,179.57991596533563,-30.33632065165249,-1.40743894186278
1669052147438689947,179.66402400499587,-30.611738089161495,-1.4296277418627799
1669052147501169919,179.73691485304911,-30.8850173475598,-1.45018618186278
1669052147564013004,179.80552681945227,-31.172029724411527,-1.47029369186278
1669052147626267910,179.83691315717627,-31.468207577382923,-1.48856586186278
1669052147688688039,179.8950212402867,-31.76143332149972,-1.50613393186278
1669052148313627004,179.9620618761735,-32.10534577096955,-1.51302584786278
1669052148376233100,179.99433672558942,-32.42112647559487,-1.52054074686278
1669052148438714027,180.01458564569666,-32.740729295901986,-1.52828631986278
1669052148501122951,180.0367097692072,-33.06015675782696,-1.53488771886278
1669052148563730955,180.05746936824295,-33.381563162678326,-1.54104287486278
1669052148626180887,180.07513123152827,-33.71353416960801,-1.54693697086278
1669052148688723087,180.0877256684249,-34.0410972342691,-1.55231638586278
1669052148754096984,180.09769476844446,-34.37358138779485,-1.55708422786278
1669052148813673019,180.1043049432373,-34.710021779808905,-1.56094146486278
1669052148876295089,180.1109069952245,-35.03996674026899,-1.56389242786278
1669052148938690900,180.11840092149197,-35.375585801782,-1.56610776086278
1669052149001189947,180.12436670640898,-35.71367364693522,-1.56824560086278
1669052149063836097,180.12765993659573,-36.05314305114448,-1.56999572686278
1669052149126143932,180.12814389034943,-36.39343227274711,-1.57153964486278
1669052149188771963,180.1261741645085,-36.73730030361172,-1.57281991386278
1669052149252144098,180.12207465227698,-37.07870360690419,-1.57402434886278
1669052149314867019,180.11893734933835,-37.42191176777333,-1.5750852668627802
1669052149376209974,180.11562440360126,-37.76587642240243,-1.5760771135627802
1669052149438724040,180.11363353717718,-38.11251374238601,-1.5767235626627802
1669052149501153945,180.11195622135492,-38.461058123132176,-1.5770470407627803
1669052149563726902,180.10801630897376,-38.811316138544825,-1.5773337070627804
1669052149626122951,180.10428275617187,-39.16319645025188,-1.5775637623627805
1669052149688721895,180.09920106091275,-39.515450426734596,-1.5778628142627804
1669052149751270055,180.09255843126132,-39.870774158617984,-1.5780751262627803
1669052149813663959,180.08689381303105,-40.227139667606785,-1.5780081754927804
1669052149876224040,180.08164685741968,-40.58309228432804,-1.5777310483927804
1669052149938889980,180.07618720622696,-40.94050991760799,-1.5771676746927805
1669052150001229047,180.07028257518203,-41.29767854684428,-1.5763902877927805
1669052150064044952,180.06213364395242,-41.65458774653664,-1.5755907479927804
1669052150126137018,180.05491716918175,-42.015326693899965,-1.5747117358927805
1669052150188659906,180.04815312990434,-42.3731503527782,-1.5736997738927805
1669052150251544952,180.04586060472488,-42.733208914208646,-1.5725386128927805
1669052150313683032,180.0417210009113,-43.09505755104476,-1.5717399829927805
1669052150376559972,180.03469078216577,-43.45684997802197,-1.5709989902927806
1669052150438678979,180.02731592594483,-43.820675090879426,-1.5703579646927806
1669052150501831054,180.01982962428087,-44.185825407674145,-1.5698491474927805
1669052150563765048,180.0125225453222,-44.55019609223438,-1.5690590891927805
1669052150626441001,180.0063557944724,-44.91332015329352,-1.5681787718927804
1669052150689682960,180.00158460598928,-45.27972849736689,-1.5673893105927805
1669052150752163887,180.00271696441845,-45.6486411805336,-1.5662468595927805
1669052150813724994,179.99899421855832,-46.021932480105384,-1.5656691186927805
1669052150876260995,179.99506469583895,-46.39596144377293,-1.5652871127927805
1669052150938762903,179.9940787487949,-46.7690243370222,-1.5648350559927806
1669052151001246929,179.99423215330341,-47.14895527327708,-1.5643444314927806
1669052151063679933,179.99472343320377,-47.52450422006465,-1.5639342233927807
1669052151126158952,179.99284210019317,-47.9050023883668,-1.5638443014727808
1669052151188740968,179.99109227590057,-48.280447225802725,-1.5639163634827808
1669052151251331090,179.98589193422214,-48.658347047380424,-1.564551284982781
1669052151313715934,179.9818370213102,-49.03450440546407,-1.565659704982781
1669052151376255035,179.98009052464462,-49.40769029973986,-1.566545084182781
1669052151438775062,179.9779419627159,-49.78173441382685,-1.5667813009827811
1669052151501250028,179.97957312533953,-50.15907690614236,-1.566652297782781
1669052151563991069,179.9818050343722,-50.540218829739004,-1.566918317282781
1669052151626149892,179.98522936457044,-50.92184531981595,-1.567851720082781
1669052151688780069,179.98702845658084,-51.300169262372364,-1.569189107082781
1669052151752666950,179.98930799954627,-51.68427809475381,-1.569754800882781
1669052151813812017,179.98798580052957,-52.06809838003763,-1.570104222882781
1669052151876316070,179.98431461891246,-52.455286313609605,-1.5708020295827811
1669052151938740968,179.9817973455294,-52.8407789992604,-1.571775590682781
1669052152003283023,179.9768257837978,-53.225369315193234,-1.572696110582781
1669052152066047906,179.9725569059254,-53.61069980061617,-1.573047960682781
1669052152126283884,179.97230060708648,-53.99596080013383,-1.572790968482781
1669052152190272092,179.97459385944046,-54.378349135031534,-1.572387740282781
1669052152251327037,179.9749517411366,-54.760230788145094,-1.5724709472027811
1669052152313785076,179.97381085038268,-55.141403112057894,-1.572843659702781
1669052152379195928,179.9715501832685,-55.52080057885858,-1.573384507202781
1669052152438781976,179.96577825751817,-55.9021826174671,-1.573884164802781
1669052152501205921,179.96067650528357,-56.28398528430149,-1.5742020180027811
1669052152564495086,179.95733663399122,-56.66937884478945,-1.5742621485027812
1669052152626321077,179.95309608169572,-57.050326735776196,-1.5744186393027813
1669052152688781976,179.94933997224896,-57.43006642131129,-1.5745935904027812
1669052152751219987,179.94595092054763,-57.81125980047008,-1.5749180032027812
1669052152813750028,179.94190624163264,-58.192483567810974,-1.5754422799027812
1669052152878748893,179.93681908698892,-58.575027061784404,-1.5758958078027812
1669052152938790082,179.9317466307759,-58.95566514418248,-1.5763051291027812
1669052153001228094,179.92870364392385,-59.33543654348259,-1.5764654504027813
1669052153063791036,179.92334455077315,-59.71556577074695,-1.5768451946027813
1669052153126238107,179.91680018369678,-60.096787759183634,-1.5772988077027812
1669052153189172983,179.91123706368276,-60.47713102621461,-1.5776899114027811
1669052153253994941,179.90879334162565,-60.8533465194718,-1.5780362667027812
1669052153313726902,179.90354348762915,-61.232812156306835,-1.5788010476027812
1669052153378102064,179.898515337319,-61.6131782938179,-1.579561227702781
1669052153438770055,179.89488510434327,-61.99457002542076,-1.580119220702781
1669052153501343965,179.88980504440912,-62.37234448251672,-1.580607745602781
1669052153563798904,179.88454843364036,-62.74985177855832,-1.581176018702781
1669052153626324892,179.8782411673589,-63.128137189927735,-1.581963550002781
1669052153688828945,179.87135564320454,-63.507857275947195,-1.582305902402781
1669052153751934051,179.86425710129953,-63.887526723737295,-1.582415445202781
1669052153813672065,179.85635698852664,-64.26859385594445,-1.582627121302781
1669052153876291036,179.85091464271525,-64.64596337963538,-1.582850144702781
1669052153938745975,179.8424286969802,-65.02569378010796,-1.583405219702781
1669052154001334905,179.83424504651813,-65.40755185036384,-1.583818895402781
1669052154063792943,179.8268026187202,-65.79111265663641,-1.583893269262781
1669052154126338958,179.81824275587653,-66.17360795603187,-1.583945218952781
1669052154188812017,179.8095381041233,-66.55510548152311,-1.584217504852781
1669052154251319885,179.80186884640653,-66.93434020902748,-1.5846381041527808
1669052154313715934,179.7917263635211,-67.31332952913239,-1.585088936652781
1669052154376308917,179.7826642956163,-67.69310860266772,-1.585300351152781
1669052154438846111,179.7727665087494,-68.07315802413399,-1.585423228352781
1669052154501235961,179.7614457693218,-68.4562425217123,-1.585473866472781
1669052154563853025,179.75417269842876,-68.83581495970215,-1.585555028132781
1669052154626308917,179.7482088939336,-69.21573782139629,-1.585731143432781
1669052154688806056,179.74012857410594,-69.59727109725628,-1.585999900732781
1669052154754257917,179.73577866081047,-69.97621236061475,-1.5861475558327809
1669052154813834905,179.73333465565787,-70.35717123115202,-1.5863065177327809
1669052154876373052,179.72942922637176,-70.73927001869824,-1.587178110632781
1669052154938719987,179.72127774087656,-71.1219401348691,-1.5887017146327809
1669052155001276969,179.7112669001216,-71.5059787567664,-1.5899084486327808
1669052155063868999,179.7007437969973,-71.89039235603695,-1.5904749243327807
1669052155126172065,179.68921772331834,-72.27486179366512,-1.5910633524327806
1669052155188824892,179.6787354423808,-72.65920839648109,-1.5921262894327806
1669052155252584934,179.6741896624882,-73.04714818913338,-1.5931016971327805
1669052155313843011,179.67007727144136,-73.43170052744311,-1.5938201030327805
1669052155376293897,179.66248579562307,-73.8125002838706,-1.5947135993327806
1669052155438747882,179.65269147582862,-74.19039043100554,-1.5959726603327806
1669052155501389980,179.64116081170562,-74.56619695759993,-1.5977653113327805
1669052155566770076,179.6278608399232,-74.9446026181666,-1.5996031533327806
1669052155626277923,179.61153093276326,-75.32858788127483,-1.6012304453327806
1669052155688831090,179.59663100751527,-75.71212329354438,-1.6021320890327806
1669052155751369953,179.58369362201358,-76.0993617620284,-1.6025788526327807
1669052155814022064,179.57251034980308,-76.48755653611214,-1.6034998887327807
1669052155876288890,179.5624567394022,-76.87713151697332,-1.6047520147327807
1669052155938868999,179.55095502252377,-77.26700648243815,-1.6060464917327808
1669052156001296997,179.54007138141512,-77.65160523322868,-1.6069064830327808
1669052156063740968,179.5263981679636,-78.03690217405293,-1.6075819556327808
1669052156126317024,179.51066686888777,-78.42058028280371,-1.6085182200327808
1669052156188836097,179.49434770948244,-78.80386300125298,-1.6096236390327807
1669052156251369953,179.48001185425557,-79.18873939408861,-1.6105120576327807
1669052156313791990,179.46391335177609,-79.57534976615196,-1.6112192430327807
1669052156376358032,179.44988708316248,-79.9614941772424,-1.6118275530327808
1669052156438795089,179.43269260894175,-80.34925883186047,-1.6126606802327808
1669052156501328945,179.4177242102629,-80.7369868937057,-1.6135388059327807
1669052156563812017,179.40295488477287,-81.12606726347343,-1.6145495539327805
1669052156626332044,179.38687568055397,-81.51521769549134,-1.6154240497327805
1669052156688874006,179.3705477586047,-81.90171627728404,-1.6160667987327806
1669052156753426074,179.35310242651445,-82.29028729235553,-1.6165862452327806
1669052156813760042,179.33439931202798,-82.6785344285146,-1.6170415786327805
1669052156876338958,179.31515315159461,-83.06809408864196,-1.6175367138327805
1669052156938838958,179.29515007112735,-83.45696497605203,-1.6177162764327806
1669052157002259016,179.2759999801324,-83.84268338250632,-1.6175486154327805
1669052157063849925,179.25689174022864,-84.2306450755182,-1.6174391122327805
1669052157126221895,179.2386400775128,-84.61750441529607,-1.6174173616827805
1669052157189620971,179.22078566949793,-84.99847847837793,-1.6173395579927805
1669052157251681089,179.20003220802406,-85.38332546037834,-1.6172487184027806
1669052157313864946,179.1796692938429,-85.76718807410573,-1.6168493956027805
1669052157376939058,179.1569200058068,-86.14818021876071,-1.6164551217027805
1669052157438815116,179.13771592114546,-86.5362087842971,-1.6157709568027805
1669052157501359939,179.11747634586393,-86.9215730995771,-1.6147541248027806
1669052157563854932,179.096571466353,-87.30751838169914,-1.6134665038027807
1669052157626372098,179.07754923189822,-87.69196938620652,-1.6121408448027807
1669052157688870906,179.05852104639456,-88.07618073189938,-1.6110946618027808
1669052157751636981,179.03730841717362,-88.45916015836052,-1.610198102302781
1669052157813941001,179.01714778949508,-88.84117429945825,-1.609067341302781
1669052157876518011,178.99833065562117,-89.2208774605199,-1.6076645583027809
1669052157938846111,178.97828228666802,-89.60172148499409,-1.6062017313027808
1669052158001388072,178.9585550500675,-89.98157953938613,-1.6047288073027808
1669052158063843011,178.93967822190302,-90.36562860306906,-1.6031202003027807
1669052158126384019,178.9197832104446,-90.74667788027459,-1.6015727283027807
1669052158189196109,178.90138960339408,-91.12665582145829,-1.6002548563027807
1669052158251385927,178.8864513147496,-91.50260693941253,-1.5986301993027807
1669052158313920021,178.87164157049847,-91.87461097111043,-1.5967134563027807
1669052158376887083,178.85798775590666,-92.25073705746784,-1.5947824123027807
1669052158438828945,178.84631197542626,-92.62821190958336,-1.5933047503027806
1669052158501360893,178.8313081991142,-93.00800152892724,-1.5923950216027807
1669052158564169883,178.81764187520884,-93.38674211561015,-1.5916144887027808
1669052158626348972,178.80334532321643,-93.76762914362466,-1.5904319497027808
1669052158688877105,178.78848055028382,-94.1516749168257,-1.589179591702781
1669052158753313064,178.7758966977916,-94.534474578246,-1.588010533702781
1669052158814258098,178.76499021831606,-94.91710393179548,-1.587342813302781
1669052158876447916,178.75369927221737,-95.2996168770243,-1.587140374202781
1669052158938841104,178.74326148394533,-95.68034993999005,-1.587022296502781
1669052159001579046,178.73603184779935,-96.06114866492322,-1.586731538602781
1669052159063859939,178.72830173329095,-96.44438784624433,-1.5865512939027808
1669052159126291036,178.71979832840296,-96.82795288400048,-1.5865456879927808
1669052159189110994,178.7133732143793,-97.21351751393769,-1.586411668492781
1669052159251424074,178.70607070223215,-97.59778023549642,-1.586286401592781
1669052159313860893,178.69698062773912,-97.98915338776467,-1.586325121682781
1669052159376600027,178.68859283353586,-98.37506296951672,-1.586533290782781
1669052159438786029,178.68174626354138,-98.75778922022788,-1.586543132362781
1669052159501347064,178.67474324816132,-99.1357648104653,-1.586442481662781
1669052159564069032,178.66818937336677,-99.51379084155998,-1.586296511462781
1669052159626354932,178.66300259798513,-99.89532938129452,-1.586213738072781
1669052159688954114,178.65494898262108,-100.28178454893732,-1.586419650272781
1669052159751555919,178.64560453350185,-100.6663751995972,-1.586523455172781
1669052159813882112,178.63460253792067,-101.04971018348546,-1.5863459237727808
1669052159876405954,178.6242508816245,-101.4341345999354,-1.5857847923727808
1669052159939018964,178.61478454484316,-101.82361836812863,-1.5851124778727808
1669052160001409053,178.60728493167056,-102.20990659083178,-1.5842851495727808
1669052160064007997,178.6000647423007,-102.5919128541061,-1.5836009304727807
1669052160126322984,178.5927234802205,-102.97408438431137,-1.5832062204727808
1669052160189177989,178.58479179343436,-103.35675502175395,-1.5829965418727807
1669052160252079010,178.57689999027684,-103.73771069381564,-1.5828717004727808
1669052160313910961,178.5694235361035,-104.1174724021055,-1.5827005627727808
1669052160376687049,178.5616116222929,-104.49856191137371,-1.5824540567727807
1669052160438879013,178.55362010220006,-104.88165718204044,-1.5820620707727808
1669052160501374006,178.54771309830676,-105.26332145623832,-1.5816958133727808
1669052160564136028,178.54263409264004,-105.64646375697924,-1.5814081656727808
1669052160626383066,178.53903461274234,-106.03032627398741,-1.5812255655727807
1669052160688909053,178.53530063604202,-106.41427791299154,-1.5809544399727806
1669052160752357959,178.5303147656361,-106.79982495842788,-1.5806343065727806
1669052160814100027,178.526305448465,-107.18322656925788,-1.5802460009727806
1669052160876396894,178.52146223509232,-107.56216772205417,-1.5799183134727806
1669052160938910007,178.51716488369286,-107.94376589861993,-1.5795831196727805
1669052161001703023,178.51269196134072,-108.32189219352576,-1.5792697431727805
1669052161064038038,178.50847589596336,-108.69683222951483,-1.5788045669727804
1669052161126359939,178.5043800413476,-109.06873105450532,-1.5783672969727804
1669052161189181089,178.4986972777783,-109.44167911944676,-1.5782117680727805
1669052161255426883,178.49445834471865,-109.81562556755604,-1.5780790156727804
1669052161314006090,178.48884081354905,-110.18808843440256,-1.5780455419027803
1669052161376930952,178.48243674352102,-110.55960677213754,-1.5778631965027803
1669052161438971996,178.47635167475266,-110.93122854958479,-1.5774618146027803
1669052161501360893,178.46888728678127,-111.30170142595499,-1.5769877686027804
1669052161564243078,178.46258943489315,-111.670714306259,-1.5763889917027805
1669052161626441001,178.45813281597367,-112.0367886070156,-1.5757713841027805
1669052161688947916,178.45062115554913,-112.40348307428248,-1.5752344324027805
1669052161754035949,178.4445171809543,-112.76989049280502,-1.5745921151027804
1669052161813973903,178.4391708009213,-113.13488182852298,-1.5742275737027804
1669052161876430988,178.43566428767164,-113.49784173347787,-1.5738759387027805
1669052161940267086,178.43347948998903,-113.86117942810726,-1.5735526916027804
1669052162002228021,178.42975478994512,-114.22691845084695,-1.5733566894027804
1669052162063982963,178.42576558455167,-114.5962631476567,-1.5730022991027803
1669052162126482009,178.42060333703532,-114.95885274212789,-1.5727463959027803
1669052162190390110,178.41712374665562,-115.3213897460126,-1.5725394761027802
1669052162253659009,178.4140274683592,-115.68425190003076,-1.5722700501027802
1669052162313847064,178.4100028359003,-116.04429185981644,-1.57183612190278
1669052162376683950,178.4069942771152,-116.41224053044053,-1.5712666136027802
1669052162438931941,178.40491299199206,-116.77701559197821,-1.57076021390278
1669052162501460075,178.40181827139952,-117.1445688039772,-1.57082489213278
1669052162564095973,178.399857821623,-117.51231434812632,-1.57114909013278
1669052162626435995,178.4005441859932,-117.88208541325803,-1.57104864863278
1669052162688971996,178.40075867348776,-118.24493237892847,-1.57084043873278
1669052162751679897,178.40043857995286,-118.60376346515764,-1.57064151203278
1669052162814004898,178.40027281224616,-118.9594904950839,-1.5707697215327798
1669052162876538038,178.39746041090976,-119.3135807700339,-1.5713430387327798
1669052162939203977,178.39265587118834,-119.67139079680842,-1.5718562247327799
1669052163001502037,178.38885353029707,-120.0348048708426,-1.5720139384327798
1669052163063987970,178.38734980993556,-120.40196821206978,-1.5717763421327797
1669052163126470088,178.3869164129528,-120.7648003615716,-1.5714286066327798
1669052163189177036,178.38632856020456,-121.12714126231211,-1.5712417067327797
1669052163254098892,178.3881682625774,-121.49461361812511,-1.5713890656327798
1669052163314014911,178.3878514596764,-121.85313299332472,-1.5719870109327798
1669052163376691102,178.3857516104963,-122.21466194934317,-1.5727394897327798
1669052163438900947,178.383029250456,-122.57293933576376,-1.5731876865327798
1669052163501427888,178.38143024911852,-122.9324614399613,-1.5731823802677798
1669052163564821958,178.38073437829297,-123.2858242854691,-1.5731993390877799
1669052163626444101,178.37836574342379,-123.64261682375894,-1.5738785552877799
1669052163688889980,178.37734760516662,-123.99828797508935,-1.5744942685877799
1669052163753557920,178.37452075621414,-124.35556256441205,-1.5748210220877799
1669052163814038991,178.36778329529673,-124.71162833206144,-1.5748756155877799
1669052163876559972,178.36024200854033,-125.06895264210101,-1.57456662898778
1669052163939412117,178.3565396940023,-125.42841253817974,-1.57378794008778
1669052164001756906,178.35178799779862,-125.78359331235181,-1.5734882480877799
1669052164064542055,178.34556726128804,-126.13536404118098,-1.5732191442877799
1669052164126416921,178.33992182591894,-126.48413138697423,-1.57297847428778
1669052164189344882,178.33602895890803,-126.83469492682171,-1.57279611328778
1669052164251637935,178.33118185136618,-127.18455093321037,-1.5728329698077799
1669052164313982963,178.3272753020858,-127.53627220642426,-1.5730168887077798
1669052164376702070,178.32104692700236,-127.88562673725808,-1.5733352984077797
1669052164438909053,178.31637631130587,-128.23813741491787,-1.5732085897077797
1669052164501441955,178.30945772753975,-128.59768507159663,-1.5729603748077796
1669052164564207077,178.30539255037914,-128.9593167211439,-1.5727017736077795
1669052164626512050,178.3056719412798,-129.3186039057448,-1.5726315838977796
1669052164689366102,178.3028132828808,-129.6743834585372,-1.5733060072977796
1669052164751722097,178.2974785367313,-130.0230733681533,-1.5733909029877795
1669052164813879966,178.29293659290735,-130.36609953834275,-1.5729972166877795
1669052164876436948,178.28801491875814,-130.7086386359036,-1.5726349548877794
1669052164939014911,178.281141585578,-131.0544681829547,-1.5731223468877793
1669052165001487016,178.27530375731877,-131.40260154582575,-1.5737562805877794
1669052165063966989,178.27184823712915,-131.75147204594364,-1.5736450257877794
1669052165126514911,178.2719389269774,-132.10225142759282,-1.5727768945877794
1669052165189552068,178.27048614720232,-132.45766414734527,-1.5723789098877794
1669052165252546072,178.27025946446412,-132.81240153283323,-1.5724848145877794
1669052165313968896,178.26783830217062,-133.16649714949378,-1.5730699904877794
1669052165377572059,178.26595345972146,-133.5184978738413,-1.5733849624877794
1669052165438852071,178.26208122341393,-133.86854842289318,-1.5734768201977793
1669052165502182960,178.2566489821393,-134.21366170165018,-1.5732718776977794
1669052165564251899,178.25433424349777,-134.55681902289663,-1.5729465773977793
1669052165626432895,178.25390187188344,-134.89978108604558,-1.5728325779977794
1669052165689024925,178.25418358159135,-135.24074066654026,-1.5728584947577795
1669052165751784086,178.25306514701813,-135.58322658835868,-1.5732143494577795
1669052165813980102,178.2524314100956,-135.92543755639474,-1.5737001246577795
1669052165877355098,178.25163681081656,-136.26759399158,-1.5737186152377796
1669052165939038038,178.24970719622092,-136.61227642445084,-1.5734999419377795
1669052166001404047,178.24469221956676,-136.9569399255647,-1.5736501129377796
1669052166063883066,178.23806330901016,-137.30040360669682,-1.5740847022377795
1669052166126521110,178.22926346359645,-137.64547943527546,-1.5740726080277796
1669052166189294099,178.2234170794992,-137.99276334478554,-1.5733611309277795
1669052166254117965,178.22143594341088,-138.33969180465036,-1.5720135309277796
1669052166314019918,178.22403487987702,-138.6884160264182,-1.5703902899277795
1669052166376784086,178.2273590213327,-139.03615830535966,-1.5692738339277794
1669052166438972949,178.2311505287371,-139.3853075374801,-1.5686783204277794
1669052166501528024,178.2316559691338,-139.73413694937045,-1.5684453549277795
1669052166564157962,178.22669049640552,-140.0843902909831,-1.5688381691277795
1669052166626449108,178.21559128531717,-140.43411219545786,-1.5696397532277795
1669052166688982963,178.2047851354023,-140.78806063029418,-1.5698635437277795
1669052166751777887,178.19602967161774,-141.14049635056574,-1.5694883554277794
1669052166814058065,178.18966531103018,-141.49401707736445,-1.5691696652277793
1669052166876485109,178.185317061504,-141.84956152088185,-1.5692611439777793
1669052166939040899,178.18779990810975,-142.2032991261018,-1.5694785938777793
1669052167003396034,178.19222690376904,-142.55926500155869,-1.5699878441777793
1669052167064137935,178.1951609630917,-142.91790894663575,-1.5703541125777793
1669052167126554965,178.19420109750646,-143.28087220659128,-1.5708522540777794
1669052167189279079,178.19197445090282,-143.6418337826255,-1.5714695948777795
1669052167253643989,178.18671827166534,-144.00543792621707,-1.5723139943777795
1669052167314021110,178.17914397253236,-144.3696946504521,-1.5733612673777795
1669052167376743078,178.17203068739505,-144.73481880637905,-1.5741018836777796
1669052167439110994,178.16788080403566,-145.1029270998323,-1.5743065771777796
1669052167501676082,178.1657184129885,-145.4703248728231,-1.5743272566177795
1669052167564261913,178.1646813532776,-145.83670449495594,-1.5745476206177795
1669052167626421928,178.1635142038876,-146.20041337573593,-1.5749816027177794
1669052167689040899,178.1619080566905,-146.56406063850162,-1.5753323964177794
1669052167751718997,178.15922530182738,-146.9304357386278,-1.5755879724177795
1669052167814004898,178.15480276952414,-147.29641464890702,-1.5755743061977794
1669052167876449108,178.14962993309464,-147.66256211269337,-1.5753389049977793
1669052167939033031,178.14541370807729,-148.02854463624863,-1.5749459255977794
1669052168001768112,178.14084846522832,-148.39463494425786,-1.5745770861977793
1669052168064023971,178.13643692241092,-148.75904706979176,-1.5745216541077793
1669052168126549005,178.13127641648367,-149.1278236042117,-1.5749045370077794
1669052168189047098,178.12772396708203,-149.49363269699106,-1.5754464990077794
1669052168251560926,178.12474915520346,-149.85986512336984,-1.5760724313077794
1669052168313987970,178.1209603655372,-150.22598142924136,-1.5769105646077795
1669052168376904964,178.11580632553557,-150.59172245280382,-1.5776209149077796
1669052168438999891,178.10903891704044,-150.95738778378563,-1.5786158223077795
1669052168501580953,178.10369523759485,-151.32151883158454,-1.5796458983077795
1669052168564444065,178.09849871434125,-151.6860995211405,-1.5808237563077794
1669052168626544952,178.09202315354054,-152.05324724707577,-1.5817181504077793
1669052168689042091,178.08616480347666,-152.42068317928766,-1.5822224804077794
1669052168752365112,178.08256047201323,-152.7897201864565,-1.5825366408077794
1669052168814033985,178.07795989804535,-153.15721580209748,-1.5832586420077794
1669052168876574039,178.07136196267962,-153.52187289562815,-1.5844148880077795
1669052168939044952,178.06501442343472,-153.8892957254979,-1.5855119720077795
1669052169001658916,178.05832489026838,-154.25537252454336,-1.5862568012077796
1669052169064049959,178.05080887534868,-154.6194745421228,-1.5868362518077797
1669052169126573085,178.0421142005793,-154.98530224509094,-1.5875397987077797
1669052169189192056,178.0351048644149,-155.35093944082377,-1.5880609337077798
1669052169254143953,178.02792485495766,-155.71520387313225,-1.5882530633077798
1669052169313987016,178.01985828438137,-156.08101210064135,-1.58825073226778
1669052169376766920,178.01129584138135,-156.44995985557455,-1.58798430786778
1669052169439026117,178.00383763435877,-156.8172999300611,-1.58759249286778
1669052169501599073,177.99340479235454,-157.18591950118463,-1.58733845746778
1669052169564287900,177.98160092554878,-157.55242569359888,-1.58717254486778
1669052169626499891,177.9705311660405,-157.9168490854407,-1.58716181052778
1669052169689040899,177.9583663767316,-158.2823563573074,-1.58704683442778
1669052169751833915,177.9473975043402,-158.64408467678317,-1.58671800202778
1669052169814064979,177.9386568205004,-159.00415785459822,-1.58627419822778
1669052169876530885,177.93267397336055,-159.36476955057543,-1.5856532323277799
1669052169945739984,177.927706226929,-159.72815205149473,-1.5851283513277798
1669052170001548051,177.92119664177343,-160.0903116535633,-1.5849277575277798
1669052170064042091,177.91280440570523,-160.4585198276914,-1.5848441759577798
1669052170126416921,177.90333979987108,-160.826484981614,-1.5849029774077799
1669052170189425945,177.89153687461314,-161.19387664181485,-1.58528332690778
1669052170251585006,177.88163850010042,-161.56169904643042,-1.58544229670778
1669052170314066886,177.87313986163812,-161.928152882361,-1.58503409880778
1669052170376805067,177.86544170669404,-162.29519038270837,-1.5843622504077801
1669052170439043045,177.85796175000024,-162.65942042819333,-1.5838079255077802
1669052170501540899,177.85161477044656,-163.0201441813143,-1.5835752102077802
1669052170564357995,177.84573790639786,-163.38085133491103,-1.5834147092077802
1669052170626488924,177.83940388093322,-163.7416210330159,-1.58317944740778
1669052170688986063,177.83011145464113,-164.10293586867837,-1.5829922005077801
1669052170752032995,177.82021414371428,-164.46384670580287,-1.58281961290778
1669052170814058065,177.81244761658087,-164.824539799351,-1.5826121155077801
1669052170876538038,177.80378760482367,-165.18468251684823,-1.58253844625778
1669052170938961982,177.79522923327272,-165.5456635110054,-1.5825121097777801
1669052171001898050,177.78821237204022,-165.90561880823486,-1.5822420383777802
1669052171064690113,177.7840594642879,-166.26307929046527,-1.5817966706777802
1669052171126638889,177.78055933833633,-166.6236880066241,-1.5815192803777802
1669052171189044952,177.7751473446698,-166.98361136728704,-1.5816293900777803
1669052171251607894,177.76924822768515,-167.3444406354286,-1.5819124493777803
1669052171314059019,177.76339295530605,-167.706789335998,-1.5820884686777803
1669052171376810073,177.75574449901,-168.06916227366816,-1.5823375486777802
1669052171439064025,177.74794542577166,-168.4297353786983,-1.5825724195777802
1669052171501558065,177.7412668059015,-168.78841550240858,-1.5827285052777802
1669052171564340114,177.7346495262062,-169.1520875346579,-1.5829561774777803
1669052171626620054,177.7276919040294,-169.51451882766813,-1.5831122816777803
1669052171689104080,177.72113182080062,-169.8762395690722,-1.5830519982877802
1669052171753787040,177.71579163220542,-170.23706012066535,-1.5830495778777802
1669052171814085006,177.7079641278837,-170.59860405184378,-1.5832194935777801
1669052171876631021,177.6999944634202,-170.95970601090985,-1.5835675241777802
1669052171939140081,177.69117975171554,-171.3228672555763,-1.5841308915777803
1669052172001820087,177.6822153176505,-171.68454947728517,-1.5846378962777803
1669052172065387964,177.6737483960597,-172.04814301525724,-1.5849692547777803
1669052172126822948,177.66588428552362,-172.41233843921523,-1.5854384410777802
1669052172189619064,177.66018769868202,-172.77818604873025,-1.58589381707778
1669052172251776933,177.65317258587507,-173.14327584959406,-1.5865483576777801
1669052172314106941,177.64360635363482,-173.50999366349876,-1.5872296811777802
1669052172376995086,177.63355921286362,-173.87593817419057,-1.5880274142777802
1669052172439079999,177.6237532125892,-174.24346407427984,-1.5889149478777802
1669052172501652956,177.61611163812404,-174.613138804632,-1.5897528496777802
1669052172564368963,177.6091425658041,-174.98058302168374,-1.5902479159777803
1669052172626574039,177.603859668595,-175.34897665872447,-1.5902676052977802
1669052172689317941,177.59940621314033,-175.7189692852956,-1.5900502457977803
1669052172754550933,177.59324268261128,-176.0911790099445,-1.5902911036977803
1669052172814053058,177.5838852954583,-176.46328470778644,-1.5910841267977802
1669052172876905918,177.57231828119046,-176.8345824641095,-1.5918311119977802
1669052172939172029,177.56054871622385,-177.20358084300003,-1.59229702699778
1669052173001655101,177.54745485777076,-177.57476703025566,-1.5922691208077802
1669052173064109086,177.5365073709388,-177.94503943467382,-1.5919210357077802
